{
  "models": {
    "knn": {
      "metrics": {
        "accuracy": 0.5416666666666666,
        "precision": 0.5,
        "recall": 0.6363636363636364,
        "f1": 0.56,
        "detection_rate": 0.6363636363636364,
        "false_positive_rate": 0.35
      },
      "best_params": {
        "metric": "cosine",
        "n_neighbors": 5,
        "p": 1,
        "weights": "distance"
      }
    },
    "svm": {
      "metrics": {
        "accuracy": 0.5,
        "precision": 0.4782608695652174,
        "recall": 1.0,
        "f1": 0.6470588235294118,
        "detection_rate": 1.0,
        "false_positive_rate": 0.48
      },
      "best_params": {
        "C": 10,
        "class_weight": {
          "0": 1.0,
          "1": 2.0
        },
        "gamma": "auto",
        "kernel": "rbf"
      }
    },
    "nb": {
      "metrics": {
        "accuracy": 0.5416666666666666,
        "precision": 0.5,
        "recall": 0.45454545454545453,
        "f1": 0.47619047619047616,
        "detection_rate": 0.45454545454545453,
        "false_positive_rate": 0.2777777777777778
      },
      "best_params": {
        "priors": [
          0.6,
          0.4
        ],
        "var_smoothing": 1e-05
      }
    }
  },
  "summary": {
    "best_model": "svm",
    "best_f1": 0.6470588235294118,
    "total_samples": 0,
    "positive_samples": 0,
    "negative_samples": 0,
    "improvement": {
      "previous_best_f1": 0.6470588235294118,
      "current_best_f1": 0.6470588235294118,
      "f1_delta": 0.0,
      "percent_improvement": 0.0
    }
  }
}