{
  "models": {
    "knn": {
      "metrics": {
        "accuracy": 0.6666666666666666,
        "precision": 0.6363636363636364,
        "recall": 0.6363636363636364,
        "f1": 0.6363636363636364,
        "detection_rate": 0.6363636363636364,
        "false_positive_rate": 0.23529411764705882
      },
      "best_params": {
        "metric": "minkowski",
        "n_neighbors": 5,
        "p": 2,
        "weights": "distance"
      }
    },
    "svm": {
      "metrics": {
        "accuracy": 0.5416666666666666,
        "precision": 0.5,
        "recall": 0.5454545454545454,
        "f1": 0.5217391304347826,
        "detection_rate": 0.5454545454545454,
        "false_positive_rate": 0.3157894736842105
      },
      "best_params": {
        "C": 10,
        "class_weight": {
          "0": 1.0,
          "1": 2.0
        },
        "gamma": 0.1,
        "kernel": "rbf"
      }
    },
    "nb": {
      "metrics": {
        "accuracy": 0.5416666666666666,
        "precision": 0.5,
        "recall": 0.5454545454545454,
        "f1": 0.5217391304347826,
        "detection_rate": 0.5454545454545454,
        "false_positive_rate": 0.3157894736842105
      },
      "best_params": {
        "priors": null,
        "var_smoothing": 1e-09
      }
    }
  },
  "summary": {
    "best_model": "knn",
    "best_f1": 0.6363636363636364,
    "total_samples": 0,
    "positive_samples": 0,
    "negative_samples": 0,
    "improvement": {
      "previous_best_f1": 0.6363636363636364,
      "current_best_f1": 0.6363636363636364,
      "f1_delta": 0.0,
      "percent_improvement": 0.0
    }
  }
}